{
    "1": [
        1.9,
        50
    ],
    "2": [
        4.166666666666667,
        6
    ],
    "3": [
        4.8,
        5
    ],
    "4": [
        3.8333333333333335,
        6
    ],
    "5": [
        3.1,
        10
    ],
    "6": [
        4.875,
        8
    ],
    "8": [
        3,
        1
    ],
    "7": [
        5,
        1
    ],
    "9": [
        1,
        1
    ],
    "10": [
        1,
        1
    ],
    "11": [
        1,
        1
    ],
    "12": [
        1,
        1
    ],
    "13": [
        2,
        1
    ],
    "14": [
        5,
        1
    ],
    "15": [
        4.0,
        2
    ],
    "16": [
        3,
        1
    ],
    "20": [
        4.0,
        2
    ],
    "19": [
        4.0,
        2
    ],
    "18": [
        4.0,
        2
    ],
    "17": [
        4,
        1
    ],
    "22": [
        3.5,
        2
    ],
    "23": [
        5,
        1
    ]
}