{
    "1": [
        1.7619047619047619,
        21
    ],
    "2": [
        4.6,
        5
    ],
    "3": [
        5.0,
        4
    ],
    "4": [
        4.0,
        5
    ],
    "5": [
        3.111111111111111,
        9
    ],
    "6": [
        5.0,
        7
    ]
}